<?xml version="1.0" encoding="UTF-8"?>
<!DOCTYPE mapper PUBLIC "-//mybatis.org//DTD Mapper 3.0//EN" "http://mybatis.org/dtd/mybatis-3-mapper.dtd">
<mapper namespace="com.example.board.mapper.ReplyMapper">
    <insert id="insert">
        INSERT INTO TBL_REPLY
        (REPLY_NUMBER, BOARD_BNO, REPLY_CONTENT, REPLY_WRITER)
        VALUES(SEQ_REPLY.NEXTVAL, #{boardBno}, #{replyContent}, #{replyWriter})
    </insert>

    <select id="getReply" resultType="replyVO">
        SELECT REPLY_NUMBER, BOARD_BNO, REPLY_CONTENT, REPLY_WRITER, REPLY_REGISTER_DATE, REPLY_UPDATE_DATE
        FROM TBL_REPLY WHERE REPLY_NUMBER = #{replyNumber}
    </select>

    <delete id="delete">
        DELETE FROM TBL_REPLY WHERE REPLY_NUMBER = #{replyNumber}
    </delete>

    <update id="update">
        UPDATE TBL_REPLY
        SET REPLY_CONTENT = #{replyContent}, REPLY_UPDATE_DATE = SYSDATE
        WHERE REPLY_NUMBER = #{replyNumber}
    </update>

    <select id="getList" resultType="replyVO">
        <![CDATA[
        SELECT REPLY_NUMBER, BOARD_BNO, REPLY_CONTENT, REPLY_WRITER, REPLY_REGISTER_DATE, REPLY_UPDATE_DATE FROM
            (
                SELECT /*+ INDEX_DESC(TBL_REPLY PK_REPLY) */ ROWNUM RN, REPLY_NUMBER, BOARD_BNO, REPLY_CONTENT, REPLY_WRITER, REPLY_REGISTER_DATE, REPLY_UPDATE_DATE
                FROM TBL_REPLY
                WHERE BOARD_BNO = #{boardBno} AND ROWNUM <= #{criteria.pageNum} * #{criteria.amount}
            )
        WHERE RN > (#{criteria.pageNum} - 1) * #{criteria.amount}
        ]]>
    </select>

    <select id="getTotal" resultType="_int">
        SELECT COUNT(REPLY_NUMBER) FROM TBL_REPLY WHERE BOARD_BNO = #{boardBno}
    </select>
</mapper>


















